{"errors":[],"warnings":[],"namedChunkGroups":{"polyfill":{"chunks":[1,6],"assets":["webpack-runtime-7c6573e43b1790714421.js","webpack-runtime-7c6573e43b1790714421.js.map","polyfill-f92b768eebbc3e193008.js","polyfill-f92b768eebbc3e193008.js.map"],"children":{},"childAssets":{}},"app":{"chunks":[1,5,2],"assets":["webpack-runtime-7c6573e43b1790714421.js","webpack-runtime-7c6573e43b1790714421.js.map","framework-3e6dec6139dadaa7d0c7.js","framework-3e6dec6139dadaa7d0c7.js.map","app-ea8a21b7187d3e1949c4.js","app-ea8a21b7187d3e1949c4.js.map"],"children":{},"childAssets":{}},"component---src-pages-faqs-index-js":{"chunks":[3],"assets":["component---src-pages-faqs-index-js-ab0284eb99a50e5ed0f2.js","component---src-pages-faqs-index-js-ab0284eb99a50e5ed0f2.js.map"],"children":{},"childAssets":{}},"component---src-pages-index-js":{"chunks":[7,0,4],"assets":["styles.ed5212f78ab3608fe61f.css","styles-9411612e31e4f14527d1.js","styles-9411612e31e4f14527d1.js.map","component---src-pages-testimonials-index-js-d8a1002a2b02178ee071.js","component---src-pages-testimonials-index-js-d8a1002a2b02178ee071.js.map","component---src-pages-index-js-126a0eb4751703520de8.js","component---src-pages-index-js-126a0eb4751703520de8.js.map"],"children":{},"childAssets":{}},"component---src-pages-testimonials-index-js":{"chunks":[0],"assets":["component---src-pages-testimonials-index-js-d8a1002a2b02178ee071.js","component---src-pages-testimonials-index-js-d8a1002a2b02178ee071.js.map"],"children":{},"childAssets":{}}},"assetsByChunkName":{"polyfill":["webpack-runtime-7c6573e43b1790714421.js","polyfill-f92b768eebbc3e193008.js"],"app":["webpack-runtime-7c6573e43b1790714421.js","framework-3e6dec6139dadaa7d0c7.js","app-ea8a21b7187d3e1949c4.js"],"component---src-pages-faqs-index-js":["component---src-pages-faqs-index-js-ab0284eb99a50e5ed0f2.js"],"component---src-pages-index-js":["styles.ed5212f78ab3608fe61f.css","styles-9411612e31e4f14527d1.js","component---src-pages-testimonials-index-js-d8a1002a2b02178ee071.js","component---src-pages-index-js-126a0eb4751703520de8.js"],"component---src-pages-testimonials-index-js":["component---src-pages-testimonials-index-js-d8a1002a2b02178ee071.js"]}}